-- phpMyAdmin SQL Dump
-- version 4.0.4
-- http://www.phpmyadmin.net
--
-- Host: 127.0.0.1
-- Generation Time: Aug 14, 2013 at 06:49 PM
-- Server version: 5.5.32
-- PHP Version: 5.4.16

SET SQL_MODE = "NO_AUTO_VALUE_ON_ZERO";
SET time_zone = "+00:00";


/*!40101 SET @OLD_CHARACTER_SET_CLIENT=@@CHARACTER_SET_CLIENT */;
/*!40101 SET @OLD_CHARACTER_SET_RESULTS=@@CHARACTER_SET_RESULTS */;
/*!40101 SET @OLD_COLLATION_CONNECTION=@@COLLATION_CONNECTION */;
/*!40101 SET NAMES utf8 */;

--
-- Database: `elecom`
--
CREATE DATABASE IF NOT EXISTS `elecom` DEFAULT CHARACTER SET latin1 COLLATE latin1_swedish_ci;
USE `elecom`;

-- --------------------------------------------------------

--
-- Table structure for table `candidate`
--

CREATE TABLE IF NOT EXISTS `candidate` (
  `candidate_id` varchar(12) COLLATE latin1_general_ci NOT NULL,
  `objective` text COLLATE latin1_general_ci,
  `experience` text COLLATE latin1_general_ci,
  `achievements` text COLLATE latin1_general_ci,
  `party_id` int(11) NOT NULL,
  `position_id` int(11) NOT NULL,
  `student_id` char(12) COLLATE latin1_general_ci NOT NULL,
  `photo_path` text COLLATE latin1_general_ci,
  `candidate_fname` varchar(50) COLLATE latin1_general_ci NOT NULL,
  `candidate_lname` varchar(50) COLLATE latin1_general_ci NOT NULL,
  PRIMARY KEY (`candidate_id`),
  KEY `party_id` (`party_id`),
  KEY `position_id` (`position_id`),
  KEY `student_id` (`student_id`)
) ENGINE=MyISAM  DEFAULT CHARSET=latin1 COLLATE=latin1_general_ci;

-- --------------------------------------------------------

--
-- Table structure for table `degree_program`
--

CREATE TABLE IF NOT EXISTS `degree_program` (
  `deg_prog_id` int(11) NOT NULL AUTO_INCREMENT,
  `deg_prog_code` varchar(10) COLLATE latin1_general_ci NOT NULL,
  `deg_prog_name` varchar(100) COLLATE latin1_general_ci NOT NULL,
  `department_id` int(11) NOT NULL,
  PRIMARY KEY (`deg_prog_id`),
  UNIQUE KEY `deg_prog_code` (`deg_prog_code`),
  KEY `department_id` (`department_id`)
) ENGINE=MyISAM  DEFAULT CHARSET=latin1 COLLATE=latin1_general_ci AUTO_INCREMENT=19 ;

--
-- Dumping data for table `degree_program`
--

INSERT INTO `degree_program` (`deg_prog_id`, `deg_prog_code`, `deg_prog_name`, `department_id`) VALUES
(18, 'AB CA', '', 4),
(17, 'BS BA-OM', '', 3),
(16, 'BS BA-E', '', 3),
(15, 'BS IS', '', 2),
(14, 'BS CpE', '', 1),
(13, 'BS IE', '', 1),
(12, 'BS ECE', '', 1),
(11, 'BS CS', '', 2);

-- --------------------------------------------------------

--
-- Table structure for table `student_info`
--

CREATE TABLE IF NOT EXISTS `student_info` (
  `student_id` char(12) COLLATE latin1_general_ci NOT NULL,
  `first_name` varchar(30) COLLATE latin1_general_ci NOT NULL,
  `mid_name` varchar(20) COLLATE latin1_general_ci DEFAULT NULL,
  `last_name` varchar(20) COLLATE latin1_general_ci NOT NULL,
  `year_level` enum('1','2','3','4','T') COLLATE latin1_general_ci NOT NULL,
  `is_enrolled` enum('Y','N') COLLATE latin1_general_ci NOT NULL,
  `deg_prog_id` int(11) NOT NULL,
  PRIMARY KEY (`student_id`),
  KEY `deg_prog_id` (`deg_prog_id`)
) ENGINE=MyISAM DEFAULT CHARSET=latin1 COLLATE=latin1_general_ci;

--
-- Dumping data for table `student_info`
--

INSERT INTO `student_info` (`student_id`, `first_name`, `mid_name`, `last_name`, `year_level`, `is_enrolled`, `deg_prog_id`) VALUES
('201207411967', 'Jose', '', 'Abalos II', '1', 'Y', 18),
('201207412399', 'Ria Angela', '', 'Alejar', '1', 'Y', 18),
('201207412038', 'Ramon Paolo', '', 'Alfar', '1', 'Y', 18),
('201207411174', 'Karl Aera', '', 'Almero', '1', 'Y', 18),
('201207411192', 'Ralph Emilio', '', 'Ballesteros', '1', 'Y', 18),
('201207411589', 'Elvin Martin', '', 'Cabrera', '1', 'Y', 18),
('201207412506', 'John Lawrence', '', 'Carbonell', '1', 'Y', 18),
('201207411200', 'Julia Mhel', '', 'Cartago', '1', 'Y', 18),
('201207411138', 'Aiahnna', '', 'De La Merced', '1', 'Y', 18),
('201207411697', 'Venus', '', 'Empenida', '1', 'Y', 18),
('200807404536', 'John Vincent', '', 'De Borja', 'T', 'Y', 14),
('1', 'Robert', '', 'Hechanova', '1', 'Y', 18),
('2', 'Carlo', '', 'Inocencio', '1', 'Y', 18),
('3', 'Tracey', '', 'Liu', '1', 'Y', 18),
('4', 'Ria', '', 'Atayde', '1', 'Y', 18),
('5', 'Kayne', '', 'Litonjua', '1', 'Y', 18),
('6', 'Kaila', '', 'Astorga', '1', 'Y', 18),
('7', 'Gab', '', 'Andres', '1', 'Y', 18),
('8', 'Jam', '', 'Padilla', '1', 'Y', 18),
('9', 'Thea', '', 'Leong', '1', 'Y', 18),
('10', 'Jerick', '', 'Maala', '1', 'Y', 18),
('201107408971', 'Ryel Christian', '', 'Medina', '2', 'Y', 18),
('201107409402', 'Nikka Elia Kim', '', 'Ramos', '2', 'Y', 18),
('201107409952', 'Paul Jan', '', 'Rodelas', '2', 'Y', 18),
('201207412218', 'Ysabel', '', 'Obviar', '1', 'Y', 17),
('201107409655', 'Maria Ana Lyssa', '', 'Repil', '2', 'Y', 17),
('201207412344', 'Andre', '', 'Alejo', '1', 'Y', 16),
('201107410653', 'Angeli Caryce', '', 'Alva', '2', 'Y', 16),
('201007407207', 'Enrico Antonio', '', 'Ylanan', '3', 'Y', 15),
('200907405958', 'Kristoffer Ross', '', 'Cruz', '4', 'Y', 15),
('201107408872', 'Nikki', '', 'Ebora', '2', 'Y', 11),
('201007408530', 'Norman Patrick', '', 'Santos', '3', 'Y', 13),
('201007407892', 'Mariel Lian', '', 'Santisteban', '3', 'Y', 12),
('201007408134', 'Jose Niño Maria', '', 'Talens', '3', 'Y', 12),
('11', 'Jose Miguel', '', 'Moreno', '1', 'Y', 18),
('201107408819', 'Aubrey', '', 'Tolentino', '2', 'Y', 13),
('201207412245', 'Louise Ahne', '', 'Fabie', '1', 'Y', 18),
('201207411219', 'Alecxandria Laurie', '', 'Gonzales', '1', 'Y', 18),
('201207412498', 'Joan', '', 'Gudito', '1', 'Y', 18),
('201207411651', 'Soomin', '', 'Han', '1', 'Y', 18),
('201207410724', 'Karen Trixy', '', 'Kalalo', '1', 'Y', 18),
('201207410733', 'Hazel', '', 'Langit', '1', 'Y', 18),
('201207411633', 'Hazel Mae', '', 'Lee', '1', 'Y', 18),
('201207411228', 'Myeong-Ji', '', 'Lee', '1', 'Y', 18),
('201207410742', 'Yanina', '', 'Lim', '1', 'Y', 18),
('201207411237', 'Marian', '', 'Magsaysay', '1', 'Y', 18),
('201207410751', 'Maria Lissbet', '', 'Manzanares', '1', 'Y', 18),
('201207411246', 'Alexandra', '', 'Mercado', '1', 'Y', 18),
('201207411255', 'Ysabel Allyna', '', 'Muñoz', '1', 'Y', 18),
('201207412100', 'Leonette', '', 'Oliveros', '1', 'Y', 18),
('201207411264', 'Mary Angela', '', 'Ortega', '1', 'Y', 18),
('201207411606', 'Mariene', '', 'Portal', '1', 'Y', 18),
('201207411273', 'Kimberly Rose', '', 'Rodolfo', '1', 'Y', 18),
('201207412588', 'Loraine', '', 'Ruiz', '1', 'Y', 18),
('201207411552', 'Veronica Angela', '', 'Velasco', '1', 'Y', 18),
('201207411660', 'Mykah Ellaine', '', 'Wong', '1', 'Y', 18),
('201207410788', 'Eunice', '', 'Zeta', '1', 'Y', 18),
('201107410176', 'Catherine Martina', '', 'Abdon', '2', 'Y', 18),
('201107410455', 'John Carlo', '', 'Alarcon', '2', 'Y', 18),
('201107409051', 'Miguel Antonio', '', 'Catibog', '2', 'Y', 18),
('201107409105', 'Ma. Angelica', '', 'Collado', '2', 'Y', 18),
('201107409132', 'Nicole', '', 'Crisostomo', '2', 'Y', 18),
('201107410527', 'Christine Marie', '', 'Cruz', '2', 'Y', 18),
('201107409998', 'May Ann', '', 'Dalumpines', '2', 'Y', 18),
('201107410112', 'Nicole Keren', '', 'De Guzman', '2', 'Y', 18),
('201107408953', 'Johanna May', '', 'De Jesus', '2', 'Y', 18),
('201107409150', 'Patricia Louise', '', 'Esteban', '2', 'Y', 18),
('201107409196', 'Ma. Patricia Ysabel', '', 'Lacap', '2', 'Y', 18),
('201107409880', 'Andrian Earl', '', 'Magno', '2', 'Y', 18),
('201107408710', 'Vina Krizzia', '', 'Morales', '2', 'Y', 18),
('201107409015', 'Mita Chabeli', '', 'Pangan', '2', 'Y', 18),
('201107410031', 'Jumbell', '', 'Pomento', '2', 'Y', 18),
('201107409637', 'Junico Mariel', '', 'Potestad', '2', 'Y', 18),
('201107409033', 'Elisha', '', 'Ramos', '2', 'Y', 18),
('201107410095', 'Jhustine Lois', '', 'Santos', '2', 'Y', 18),
('201107409844', 'Roxette', '', 'Siochi', '2', 'Y', 18),
('201107409457', 'Chin-chin', '', 'Suarez', '2', 'Y', 18),
('201107410563', 'Ana Patricia', '', 'Tolod', '2', 'Y', 18),
('201107409547', 'Marie Bernadette', '', 'Triviño', '2', 'Y', 18),
('201007408503', 'Ramon Emmanuel', '', 'Agbisit', '3', 'Y', 18),
('201007407324', 'Katherine Rose', '', 'Albano', '3', 'Y', 18),
('201007407973', 'Inocencio Clapton IV', '', 'Barleta', '3', 'Y', 18),
('201007408026', 'Mitzelle Venice', '', 'Batin', '3', 'Y', 18),
('201007407775', 'Angelo Pio', '', 'Bleza', '3', 'Y', 18),
('201007407874', 'Anna Karenina', '', 'Casupang', '3', 'Y', 18),
('201007407388', 'Denniel', '', 'De Las Alas', '3', 'Y', 18),
('201007407333', 'Mary Christine', '', 'Fojas', '3', 'Y', 18),
('201007407559', 'Keisha Erika', '', 'Garcia', '3', 'Y', 18),
('201007407360', 'Reginald', '', 'Hizon', '3', 'Y', 18),
('201007408341', 'Abigal Ann', '', 'Manguinao', '3', 'Y', 18),
('201007407883', 'Danna Cozette', '', 'Raymundo', '3', 'Y', 18),
('201007407252', 'Krizia Nicole', '', 'Villanueva', '3', 'Y', 18),
('200907405895', 'Francisco Rigelo IV', '', 'Adriano', '4', 'Y', 18),
('200907406209', 'Mark Prince John', '', 'Agustin', '4', 'Y', 18),
('200907406065', 'Jose Gerardo', '', 'Bayot', '4', 'Y', 18),
('200907406740', 'Gabrielle Paola', '', 'Bucad', '4', 'Y', 18),
('200807405490', 'Jan Berlina', '', 'De Leon', 'T', 'Y', 18),
('200907406047', 'Stephen David', '', 'Dy', '4', 'Y', 18),
('200907406957', 'Patrick Christian', '', 'Felix', '4', 'Y', 18),
('200707404429', 'Jose Arturo', '', 'Gorrez', 'T', 'Y', 18),
('200907405787', 'Jethro Lemuel', '', 'Hernandez', '4', 'Y', 18),
('200807405517', 'Doyoung', '', 'Im', 'T', 'Y', 18),
('200807405535', 'Miguel', '', 'Imperial', 'T', 'Y', 18),
('200907406227', 'Jean Lawrence', '', 'Jaberina', '4', 'Y', 18),
('200907405949', 'Dianne Michelle', '', 'Lazareto', 'T', 'Y', 18),
('200907405921', 'Roxanne May', '', 'Libatique', '4', 'Y', 18),
('200907406218', 'Zamantha Jocel', '', 'Mojica', '4', 'Y', 18),
('200907405750', 'Dong Suk', '', 'Oh', '4', 'Y', 18),
('200907406902', 'Lynnette Mae', '', 'Panizales', '4', 'Y', 18),
('200907406605', 'Ashley', '', 'Punzalan', '4', 'Y', 18),
('200907407118', 'Aliane Jeremy', '', 'Roque', '4', 'Y', 18),
('200907406029', 'Gracia Maris', '', 'Rosella', '4', 'Y', 18),
('200707403501', 'Wooram', '', 'Jung', 'T', 'Y', 17),
('200607402657', 'Min Kyu', '', 'Cho', 'T', 'Y', 17),
('200607402909', 'Seung Li', '', 'Kim', 'T', 'Y', 17),
('200507400579', 'Jiwon', '', 'Seol', 'T', 'Y', 17),
('201207412047', 'Richard', '', 'Abella', '1', 'Y', 17),
('201207410760', 'R Paulleana', '', 'Abonado', '1', 'Y', 17),
('201207411831', 'Jean Jyn', '', 'Abueva', '1', 'Y', 17),
('201207412533', 'Ralph Matthew', '', 'Aguillon', '1', 'Y', 17),
('201207412416', 'Stephanie Jacinta', '', 'Ambrosio', '1', 'Y', 17),
('201207410805', 'Dean Nichol', '', 'Amoranto', '1', 'Y', 17),
('201107409349', 'Darian Dane', '', 'Bamba', '2', 'Y', 17),
('201207411642', 'Kenneth Emmanuel', '', 'Bernardo', '1', 'Y', 17),
('201207410823', 'Reham Snow', '', 'Camama', '1', 'Y', 17),
('201207412146', 'Sheila Eden', '', 'Gibas', '1', 'Y', 17),
('201207411958', 'Rowella Zosima', '', 'Gimena', '1', 'Y', 17),
('201207412227', 'Catherine Faye', '', 'Goñe', '1', 'Y', 17),
('201207412524', 'Patrick John', '', 'Gotuaco', '1', 'Y', 17),
('201207411688', 'Marie Laureen', '', 'Halili', '1', 'Y', 17),
('201207411624', 'Chelsea Dione', '', 'Junio', '1', 'Y', 17),
('201207410841', 'Hye Min', '', 'Kim', '1', 'Y', 17),
('201207411426', 'Carlo Luis', '', 'Laurente', '1', 'Y', 17),
('201207411435', 'Justin', '', 'Lu', '1', 'Y', 17),
('201207411453', 'Fianne Miguel', '', 'Macandog', '1', 'Y', 17),
('201207411679', 'Juan Gabriel', '', 'Moleta', '1', 'Y', 17),
('201207411741', 'Franco', '', 'Mulimbayan', '1', 'Y', 17),
('201207411499', 'Roshiela Teresa', '', 'Oña', '1', 'Y', 17),
('201207411859', 'Joan', '', 'Opalo', '1', 'Y', 17),
('201207411156', 'Alyssa Denise', '', 'Pablo', '1', 'Y', 17),
('201207411507', 'Michaela Patrice', '', 'Papa', '1', 'Y', 17),
('201207412155', 'Clyde Justine', '', 'Paramio', '1', 'Y', 17),
('201207410869', 'Patricia Kristan', '', 'Penales', '1', 'Y', 17),
('201207411516', 'Juan Carlos', '', 'Pucay', '1', 'Y', 17),
('201207412308', 'Charlegne May', '', 'Ramos', '1', 'Y', 17),
('201207411732', 'Annenicolai', '', 'Rivera', '1', 'Y', 17),
('201207411985', 'Danica', '', 'Salazar', '1', 'Y', 17),
('201207412119', 'Roseanne Karol', '', 'San Agustin', '1', 'Y', 17),
('201207411525', 'Keith Marcus', '', 'Tabuso', '1', 'Y', 17),
('201207410715', 'Leinell Krisman', '', 'Tamisin', '1', 'Y', 17),
('201207410904', 'Hazel Ry', '', 'Torres', '1', 'Y', 17),
('201207412597', 'Carl Dexter Ian', '', 'Trinos', '1', 'Y', 17),
('201207411750', 'Lisa', '', 'Veñegas', '1', 'Y', 17),
('201107410662', 'Leo James', '', 'Aldabe', '2', 'Y', 17),
('201107410356', 'Sophia Angela', '', 'Almendrala', '2', 'Y', 17),
('201107409899', 'Abraham', '', 'Alpino', '2', 'Y', 17),
('201107409583', 'Krizchiel Emmanuelle', '', 'Alvarez', '2', 'Y', 17),
('201107409394', 'Gabriel', '', 'Bermudez', '2', 'Y', 17),
('201107409538', 'Mikhaela', '', 'Calimag', '2', 'Y', 17),
('201107409420', 'Marco Alfonso', '', 'Cantalejo', '2', 'Y', 17),
('201107409123', 'John Christopher', '', 'Carlos', '2', 'Y', 17),
('201107410626', 'Shulammite', '', 'Casupang', '2', 'Y', 17),
('201107409970', 'Dana', '', 'Chanduangto', '2', 'Y', 17),
('201107409448', 'Jonathan', '', 'De Leon', '2', 'Y', 17),
('201107409268', 'Roxanne', '', 'Del Rosario', '2', 'Y', 17),
('201107410211', 'Rinaldo Eli', '', 'Dia', '2', 'Y', 17),
('201107409501', 'Jin', '', 'Furukawa', '2', 'Y', 17),
('201107410310', 'John Dominique', '', 'Galang', '2', 'Y', 17),
('201107408999', 'Jan Paulo', '', 'Gonzales', '2', 'Y', 17),
('201107408648', 'Joy', '', 'Gutierrez', '2', 'Y', 17),
('201107410572', 'Louise Nicole', '', 'Hatol', '2', 'Y', 17),
('201107409745', 'Princess Sushmita Anjelika', '', 'Julag-ay', '2', 'Y', 17),
('201107410220', 'Eun Suk', '', 'Jun', '2', 'Y', 17),
('201107409529', 'Jose Enrique Agerico', '', 'Kanapi', '2', 'Y', 17),
('201107409565', 'Yeong-Min', '', 'Kim', '2', 'Y', 17),
('201107410392', 'Ji Hyeon', '', 'Kim', '2', 'Y', 17),
('201107409556', 'Eun-Jung', '', 'Kim', '2', 'Y', 17),
('201107409592', 'Stephanie Kei', '', 'Ma', '2', 'Y', 17),
('201007408143', 'Gabrielle Nicolo', '', 'Macalino', '3', 'Y', 17),
('201107409673', 'Benjamin Christ', '', 'Manalon', '2', 'Y', 17),
('201107408693', 'Roxsan', '', 'Maranan', '2', 'Y', 17),
('201107410400', 'Troy Marco', '', 'Marquicias', '2', 'Y', 17),
('201107410365', 'Ryanna Lezza', '', 'Muhi', '2', 'Y', 17),
('201107408944', 'Miko Angelo', '', 'Palmos', '2', 'Y', 17),
('201107410329', 'Jaimie', '', 'Panganiban', '2', 'Y', 17),
('201107409385', 'Jarret Renzo', '', 'Pantig', '2', 'Y', 17),
('201107410068', 'Kyndra', '', 'Puntanar', '2', 'Y', 17),
('201107408747', 'Mae Anne', '', 'Rabino', '2', 'Y', 17),
('201107410509', 'Patrick Jules', '', 'Ronas', '2', 'Y', 17),
('201107410699', 'Judd Jeidre', '', 'Sales', '2', 'Y', 17),
('201107409376', 'Anabell', '', 'Tapang', '2', 'Y', 17),
('201107409736', 'Jan Margarette', '', 'Vasquez', '2', 'Y', 17),
('201107410167', 'Antonio', '', 'Venadas', '2', 'Y', 17),
('201107409330', 'Yves Kestrel', '', 'Ventanilla', '2', 'Y', 17),
('201107408837', 'Jaybee', '', 'Yatco', '2', 'Y', 17),
('201007407784', 'Darlene', '', 'Añoso', '3', 'Y', 17),
('201007408369', 'Karla Marie', '', 'Aragon', '3', 'Y', 17),
('201007408125', 'Ferdinand Jr.', '', 'Beltran', '3', 'Y', 17),
('201007407216', 'Sharmaine', '', 'Bongar', '3', 'Y', 17),
('201007407937', 'Katrina Rae', '', 'Cadacio', '3', 'Y', 17),
('201007407702', 'Dann Kevin', '', 'Dasal', '3', 'Y', 17),
('201007408189', 'Christopher', '', 'Lim', '3', 'Y', 17),
('201007407270', 'Edward Chaim', '', 'Logdonio', '3', 'Y', 17),
('201007408477', 'Angelo', '', 'Ludovico', '3', 'Y', 17),
('201007407568', 'Luigi', '', 'Mananquil', '3', 'Y', 17),
('201007408170', 'So-Eun', '', 'Park', '3', 'Y', 17),
('201007408288', 'John Sadiri', '', 'Perez', '3', 'Y', 17),
('201007407379', 'Dominique', '', 'Requierme', '3', 'Y', 17),
('201007407261', 'Maraya Paula', '', 'Silvoza', '3', 'Y', 17),
('201007407432', 'Karlo', '', 'Tabaquin', '3', 'Y', 17),
('201007408107', 'Ma. Clariza', '', 'Velasco', '3', 'Y', 17),
('201007407397', 'Ma. Katriz', '', 'Versoza', '3', 'Y', 17),
('200907406597', 'John Kevin', '', 'Aguillas', '4', 'Y', 17),
('200907407136', 'Almyr Bennedict', '', 'Alipon', '4', 'Y', 17),
('200907406795', 'Paula Jane', '', 'Antonio', '4', 'Y', 17),
('200907407091', 'Julieanne', '', 'Badar', '4', 'Y', 17),
('200807405427', 'Taek Jin', '', 'Lim', 'T', 'Y', 17),
('200907406263', 'Arvin Nell', '', 'Peil', '4', 'Y', 17),
('200907406236', 'Dana Angeli', '', 'Peji', '4', 'Y', 17),
('200907406678', 'Jesus Antonio', '', 'Saulog', '4', 'Y', 17),
('200907407082', 'Christian Valeriano Fritz', '', 'Simondac', '4', 'Y', 17),
('200707404410', 'John Michael', '', 'Cocjin', 'T', 'Y', 16),
('200707403204', 'Erika Margarey', '', 'Ibay', 'T', 'Y', 16),
('200707404041', 'James Jarmain', '', 'Magpale', 'T', 'Y', 16),
('201207411390', 'Paulo Joshua', '', 'Alcaraz', '1', 'Y', 16),
('201207412605', 'Dan Conrad', '', 'Batino', '1', 'Y', 16),
('201207410814', 'Janine Claris', '', 'Bayona', '1', 'Y', 16),
('201207412263', 'Sarah Belinda', '', 'Berdos', '1', 'Y', 16),
('201207411444', 'Nero Gabriel', '', 'Camello', '1', 'Y', 16),
('201207412164', 'Julie Dian', '', 'Caminong', '1', 'Y', 16),
('201207412515', 'Waldolf Joachim', '', 'Carbonell', '1', 'Y', 16),
('201207412623', 'JC', '', 'Clarito', '1', 'Y', 16),
('201207411408', 'Amiel Christopher', '', 'Cruz', '1', 'Y', 16),
('201207412092', 'Felipe', '', 'De Vera', '1', 'Y', 16),
('201207412317', 'Hanna', '', 'Diaz', '1', 'Y', 16),
('201207412380', 'Jason Roland', '', 'Elazegui', '1', 'Y', 16),
('201207412434', 'Elyonah Emille', '', 'Enverga', '1', 'Y', 16),
('201207412254', 'John Alfred', '', 'Fernandez', '1', 'Y', 16),
('201207411723', 'Justin Bruce', '', 'Gonzales', '1', 'Y', 16),
('201207412371', 'Iron Enar', '', 'Guda', '1', 'Y', 16),
('201207411147', 'Pei-Jui', '', 'Kao', '1', 'Y', 16),
('201207411462', 'Marwen Kaye', '', 'Managuit', '1', 'Y', 16),
('201207410878', 'Raphaelo', '', 'Perez', '1', 'Y', 16),
('201007408242', 'Jhayzel', '', 'Pomento', '3', 'Y', 16),
('201207412209', 'Merry Margarette', '', 'Realubit', '1', 'Y', 16),
('201207412326', 'Franchette Iane', '', 'Rebugio', '1', 'Y', 16),
('201207410887', 'Margarita Alberto', '', 'Reyes', '1', 'Y', 16),
('201207411318', 'Bea Samantha', '', 'Rodrigo', '1', 'Y', 16),
('201207410896', 'Alexandra', '', 'Santos', '1', 'Y', 16),
('201207412191', 'John Richmond', '', 'Saturno', '1', 'Y', 16),
('201207412443', 'MJ Ian', '', 'Servancia', '1', 'Y', 16),
('201207411534', 'Mayuki', '', 'Takeda', '1', 'Y', 16),
('201207410779', 'Nicole Anne', '', 'Vicencio', '1', 'Y', 16),
('201107409907', 'Wednesday', '', 'Africa', '2', 'Y', 16),
('201107410004', 'Patricia Rose', '', 'Albano', '2', 'Y', 16),
('201107408881', 'Francis Raymond', '', 'Altez', '2', 'Y', 16),
('201107410257', 'Kathleen Joy', '', 'Barairo', '2', 'Y', 16),
('201107410464', 'Angelu', '', 'Bartolome', '2', 'Y', 16),
('201107410635', 'Carlo Martin', '', 'Chua', '2', 'Y', 16),
('201107409718', 'Hannah Alayssa', '', 'Cortez', '2', 'Y', 16),
('201107409961', 'Virgilie Alyana', '', 'Del Mundo', '2', 'Y', 16),
('201107409934', 'Ryan', '', 'Detecio', '2', 'Y', 16),
('201107410446', 'Garwyn', '', 'Galza', '2', 'Y', 16),
('201107410202', 'Princess Marianne', '', 'Gaytano', '2', 'Y', 16),
('201107410086', 'Jed', '', 'Guillergan', '2', 'Y', 16),
('201107409141', 'Maria Gianne Beatrice', '', 'Itaralde', '2', 'Y', 16),
('201107410293', 'Rose Nicole', '', 'Leyson', '2', 'Y', 16),
('201107410158', 'Franz Cyrile', '', 'Magbanua', '2', 'Y', 16),
('201107409303', 'Arvin', '', 'Maglanque', '2', 'Y', 16),
('201107409321', 'Clark David', '', 'Malanog', '2', 'Y', 16),
('201107410077', 'Louraine', '', 'Manangat', '2', 'Y', 16),
('201107410419', 'Reynadel', '', 'Rebaño', '2', 'Y', 16),
('201107410301', 'Jeselyn', '', 'Rosema', '2', 'Y', 16),
('201107408845', 'Andrea Mae', '', 'Sagritalo', '2', 'Y', 16),
('201107409295', 'Keith Mary', '', 'Villar', '2', 'Y', 16),
('201107409187', 'Joannes Paolo', '', 'Villegas', '2', 'Y', 16),
('201107409114', 'Mary Joy', '', 'Yala', '2', 'Y', 16),
('201107408917', 'Karl Michael', '', 'Yu', '2', 'Y', 16),
('201007407577', 'Anthony Vincent', '', 'Agno', '3', 'Y', 16),
('201007407720', 'Briana Lauren', '', 'Ambrosio', '3', 'Y', 16),
('201007408233', 'Anjelico', '', 'Arreola', '3', 'Y', 16),
('201007407667', 'Kadmiel', '', 'Berdos', '3', 'Y', 16),
('201007407621', 'Karen Renee', '', 'Ching', '3', 'Y', 16),
('201007408080', 'Nicole', '', 'Cilindro', '3', 'Y', 16),
('201007408053', 'Gabriel', '', 'Dela Cruz', '3', 'Y', 16),
('201007408486', 'Dennis', '', 'Dumlao', '3', 'Y', 16),
('201007407351', 'Jairah', '', 'Gawat', '3', 'Y', 16),
('201007407423', 'Angeline Chiara', '', 'Gotidoc', '3', 'Y', 16),
('201007407405', 'Cresilda', '', 'Lampitoc', '3', 'Y', 16),
('201007407603', 'Jaemy Therese', '', 'Mejia', '3', 'Y', 16),
('201007407612', 'Hannah Christianne', '', 'Pascual', '3', 'Y', 16),
('201007407694', 'Karla Beatrice', '', 'Tuason', '3', 'Y', 16),
('201007407496', 'Victor Raymund', '', 'Villegas', '3', 'Y', 16),
('200907405930', 'Jene Jr.', '', 'Bracamonte', '4', 'Y', 16),
('200907407109', 'Camille Therese', '', 'Cachuela', '4', 'Y', 16),
('200807405166', 'Richard', '', 'Cayetano', 'T', 'Y', 16),
('200907405859', 'Kabi', '', 'Cho', '4', 'Y', 16),
('200907406083', 'Allan Joseph', '', 'Cokiangco', '4', 'Y', 16),
('200907406272', 'Carlos Emmanuel', '', 'Del Carmen', '4', 'Y', 16),
('200907406326', 'Analyn', '', 'Dueñas', '4', 'Y', 16),
('200907406551', 'Ma. Katrina', '', 'Guevarra', '4', 'Y', 16),
('200807405472', 'Hedreich Chris', '', 'Hernandez', 'T', 'Y', 16),
('200907405903', 'Taehoon', '', 'Kim', '4', 'Y', 16),
('200907406731', 'Jherome Jaspher', '', 'Santos', '4', 'Y', 16),
('200907406146', 'Marlon', '', 'Saquing', '4', 'Y', 16),
('201207411615', 'Shaun Cassidy', '', 'Calagos', '1', 'Y', 15),
('201207412614', 'Bendrhick', '', 'Co', '1', 'Y', 15),
('201207411084', 'Patrick Carl', '', 'Ilao', '1', 'Y', 15),
('201207411363', 'Raphael', '', 'Rivero', '1', 'Y', 15),
('201207411066', 'Larissa Joanne', '', 'Ubungen', '1', 'Y', 15),
('201207411075', 'Alphonso Gaston', '', 'Velarde', '1', 'Y', 15),
('201107410671', 'Jethro', '', 'Cometa', '2', 'Y', 15),
('201107409466', 'Stephanie Julia', '', 'Valenzuela', '2', 'Y', 15),
('201007408431', 'Paolo Eduardo', '', 'Garces', '3', 'Y', 15),
('201007407513', 'Brian', '', 'Gimutao', '3', 'Y', 15),
('201007407504', 'Paulina Martha', '', 'Hernandez', '3', 'Y', 15),
('201007407801', 'Roi Jevan', '', 'Sugue', '3', 'Y', 15),
('201007407928', 'John Carlo', '', 'Victory', '3', 'Y', 15),
('200907407028', 'Ian', '', 'De Jesus', '4', 'Y', 15),
('200907406335', 'Sarah Jane', '', 'Go', '4', 'Y', 15),
('200907405796', 'Darryl Kinsey', '', 'Grasparil', '4', 'Y', 15),
('200907405723', 'Olive Marie', '', 'Sevilla', '4', 'Y', 15),
('200907405967', 'Miguel Angelo', '', 'Sumaya', '4', 'Y', 15),
('201207411110', 'John Carl', '', 'Bautista', '1', 'Y', 14),
('201207410913', 'Michael Carlo', '', 'Del Rosario', '1', 'Y', 14),
('201207410922', 'Patrick Joshua', '', 'Gonzales', '1', 'Y', 14),
('201207410931', 'Jho Nathan Singh', '', 'Kudhal', '1', 'Y', 14),
('201207410968', 'Angel Fatima', '', 'Opulencia', '1', 'Y', 14),
('201207410986', 'Eldrine Jay', '', 'Perez', '1', 'Y', 14),
('200707403402', 'Cheenkee Diane', '', 'Razon', 'T', 'Y', 14),
('201107408926', 'Adrian Joseph Rae', '', 'Abiera', '2', 'Y', 14),
('201107410482', 'Michelle Ann', '', 'Alipaspas', '2', 'Y', 14),
('201107409475', 'Aenon Mari Viel', '', 'Cunanan', '2', 'Y', 14),
('201107410338', 'Joshua', '', 'Guillermo', '2', 'Y', 14),
('201107410608', 'Airene Dallah', '', 'Labitigan', '2', 'Y', 14),
('201107409484', 'Sean Elijah', '', 'Lazo', '2', 'Y', 14),
('201107410284', 'Gerard Lou', '', 'Libby', '2', 'Y', 14),
('201107409691', 'Leonard Kyle', '', 'Nallana', '2', 'Y', 14),
('201107409222', 'Aeysol', '', 'Rosaldo', '2', 'Y', 14),
('201007407180', 'John Robert', '', 'De Leon', '3', 'Y', 14),
('201007407171', 'Wiljay', '', 'De Leon', '3', 'Y', 14),
('201007408161', 'Mart Rainier', '', 'Medrano', '3', 'Y', 14),
('200907406038', 'Jules Ian', '', 'Gilos', '4', 'Y', 14),
('200707403330', 'John Louie', '', 'Zaraspe', 'T', 'Y', 14),
('201207411039', 'Isaac', '', 'Atienza', '1', 'Y', 13),
('201207412001', 'Mario', '', 'Cadacio', '1', 'Y', 13),
('201207412290', 'Christian Joven', '', 'Cañas', '1', 'Y', 13),
('201207412074', 'Marc Julius', '', 'Claveria', '1', 'Y', 13),
('201207411886', 'Kim Joy', '', 'Garcia', '1', 'Y', 13),
('201207412407', 'Camille Bianca', '', 'Gomez', '1', 'Y', 13),
('201207411930', 'Kymberly', '', 'Gotladera', '1', 'Y', 13),
('201207411057', 'Katrina', '', 'Gutierrez', '1', 'Y', 13),
('201207411813', 'Anthony', '', 'Lobigas', '1', 'Y', 13),
('201207411949', 'Kiersty', '', 'Lopez', '1', 'Y', 13),
('201207412236', 'Jhean Edxer', '', 'Magpantay', '1', 'Y', 13),
('201207411769', 'Jhomar', '', 'Mamaril', '1', 'Y', 13),
('201207412137', 'James Marvin', '', 'Mamon', '1', 'Y', 13),
('201207411912', 'Senando', '', 'Nasan', '1', 'Y', 13),
('201207410850', 'Arvin Gabriel', '', 'Natividad', '1', 'Y', 13),
('201207411868', 'Ma Luz Joy', '', 'Naval', '1', 'Y', 13),
('201207411787', 'Rhonalyn', '', 'Pasiola', '1', 'Y', 13),
('201207411336', 'Mary Emmanuelle', '', 'Payumo', '1', 'Y', 13),
('201207412182', 'Daphne Erin', '', 'Razo', '1', 'Y', 13),
('201207411840', 'Mia Kristel', '', 'Villapando', '1', 'Y', 13),
('201107408576', 'Eunice', '', 'Austria', '2', 'Y', 13),
('201107408585', 'McJoren', '', 'Banzon', '2', 'Y', 13),
('201107408602', 'Mark Kevin', '', 'Belarmino', '2', 'Y', 13),
('201107410536', 'Juan Paolo', '', 'Dela Peña', '2', 'Y', 13),
('201107409312', 'Fatima Camille', '', 'Dizon', '2', 'Y', 13),
('201107409754', 'Jan Ritchival', '', 'Ibuna', '2', 'Y', 13),
('201107408675', 'Jamaica Grace', '', 'Lafuente', '2', 'Y', 13),
('201107409042', 'Kurt Francis', '', 'Lazarte', '2', 'Y', 13),
('201107408684', 'Rose Angel', '', 'Lizardo', '2', 'Y', 13),
('201107409006', 'Jan Mara', '', 'Loreto', '2', 'Y', 13),
('201107408701', 'Ronalyn', '', 'Marcellana', '2', 'Y', 13),
('201107408558', 'Ian Zedric', '', 'Maunahan', '2', 'Y', 13),
('201107409781', 'Patrick', '', 'Misolas', '2', 'Y', 13),
('201107410644', 'Kenneth Maiko', '', 'Narvaez', '2', 'Y', 13),
('201107409510', 'Jesus Maria Martin III', '', 'Ocampo', '2', 'Y', 13),
('201107408774', 'Ericka Camille', '', 'Salazar', '2', 'Y', 13),
('201107408800', 'Joey', '', 'Tabalno', '2', 'Y', 13),
('201107410149', 'Alyssa Denise', '', 'Tagamolila', '2', 'Y', 13),
('201107409817', 'John Lency', '', 'Tiongco', '2', 'Y', 13),
('201007408459', 'Romulo Jr.', '', 'Acio', '3', 'Y', 13),
('201007407991', 'Carl Ryan', '', 'Edradan', '3', 'Y', 13),
('201007408404', 'Alyannah', '', 'Evangelista', '3', 'Y', 13),
('201007407919', 'Kevin Xerxes', '', 'Marfa', '3', 'Y', 13),
('200807404978', 'Maria Camille', '', 'Angeles', 'T', 'Y', 13),
('200707404203', 'Robert Niño', '', 'Bernardo', 'T', 'Y', 13),
('200807405454', 'Conrado Miguel', '', 'Hernandez', 'T', 'Y', 13),
('200907406461', 'Aileen', '', 'Nagpala', '4', 'Y', 13),
('200907406407', 'Danica Marie', '', 'Sy', '4', 'Y', 13),
('200807405607', 'Joshua', '', 'Teodosio', 'T', 'Y', 13),
('201207412452', 'Jan Michael', '', 'Dayupay', '1', 'Y', 11),
('201207412425', 'Kenneth', '', 'De Vera', '1', 'Y', 11),
('201207411011', 'Carlos Miguel', '', 'Dignadice', '1', 'Y', 11),
('201207411002', 'Renzo Luis', '', 'Dimayuga', '1', 'Y', 11),
('201207412173', 'Justin Roi', '', 'Nograles', '1', 'Y', 11),
('201207411354', 'John Zachary', '', 'Raduban', '1', 'Y', 11),
('201207411976', 'Mark Genesis', '', 'Romantigue', '1', 'Y', 11),
('201207412272', 'Aileen Benz', '', 'Sabellon', '1', 'Y', 11),
('201207412353', 'Miguel Alfonzo', '', 'Suniga', '1', 'Y', 11),
('201207411921', 'Jenny Rose', '', 'Velasco', '1', 'Y', 11),
('201207411020', 'Ian Paul', '', 'Viloria', '1', 'Y', 11),
('201107409097', 'Lourdes Virginia', '', 'Andrada', '2', 'Y', 11),
('201107410518', 'Kimberly', '', 'Blanquera', '2', 'Y', 11),
('201107409079', 'Lady Kimberly', '', 'Cabreros', '2', 'Y', 11),
('201107408890', 'Jo Rupert', '', 'Copiaco', '2', 'Y', 11),
('201107408863', 'Jeffrey', '', 'Garcia', '2', 'Y', 11),
('201107408962', 'Janae', '', 'Parman', '2', 'Y', 11),
('201107409574', 'Mark Ryan', '', 'Reyes', '2', 'Y', 11),
('201007407225', 'Nedbie Francis', '', 'Amoranto', '3', 'Y', 11),
('201007407586', 'Carlo Eliczar', '', 'Carabeo', '3', 'Y', 11),
('201007407162', 'Stephen Albert', '', 'Chan', '3', 'Y', 11),
('201007407478', 'John Ernest', '', 'Ramos', '3', 'Y', 11),
('201007407748', 'Martin Joshua', '', 'San Miguel', '3', 'Y', 11),
('201207411327', 'Charlene', '', 'Alibudbud', '1', 'Y', 12),
('201207411994', 'Paulo Miguel', '', 'Ambion', '1', 'Y', 12),
('201207411705', 'Paul Gilbert', '', 'Arroyo', '1', 'Y', 12),
('201207411561', 'Patricia Bianca', '', 'Celestial', '1', 'Y', 12),
('201207411309', 'Levin Jaeron', '', 'Cruz', '1', 'Y', 12),
('201207412056', 'Dannielyn', '', 'Dacalcap', '1', 'Y', 12),
('201207412470', 'Adrian Giuseppe Francis', '', 'Fernan', '1', 'Y', 12),
('201207411903', 'Zendrel', '', 'Gacuya', '1', 'Y', 12),
('201207411714', 'Jazmine Claire', '', 'Gonzales', '1', 'Y', 12),
('201207412083', 'Miguel Ernesto Luis', '', 'Gonzalez', '1', 'Y', 12),
('200907406191', 'James Rafael', '', 'Hernandez', '4', 'Y', 12),
('201207412551', 'Dino Dominic', '', 'Ligutan', '1', 'Y', 12),
('201207412461', 'Jose Ramon', '', 'Lijauco', '1', 'Y', 12),
('201207411372', 'Mickel Gian', '', 'Majarais', '1', 'Y', 12),
('201207410940', 'Carl Vinson', '', 'Matulac', '1', 'Y', 12),
('201207412335', 'Christine Anne', '', 'Narvadez', '1', 'Y', 12),
('201207411101', 'Eirah Ritzel', '', 'Paden', '1', 'Y', 12),
('201207410977', 'Paolo', '', 'Pascual', '1', 'Y', 12),
('201207411093', 'Jose Ramon', '', 'San Buenaventura', '1', 'Y', 12),
('201207412560', 'Marc Douglas', '', 'Serzo', '1', 'Y', 12),
('201207411822', 'Raven', '', 'Soliguen', '1', 'Y', 12),
('201207412281', 'Abigail', '', 'Soriano', '1', 'Y', 12),
('200807405283', 'Donn Kevin', '', 'Victory', 'T', 'Y', 12),
('201207412029', 'Hanna Corazon', '', 'Yatco', '1', 'Y', 12),
('201107408549', 'Diane', '', 'Aclo', '2', 'Y', 12),
('201107408567', 'Ariane', '', 'Aguilar', '2', 'Y', 12),
('201107408594', 'Bret Michael', '', 'Barraquio', '2', 'Y', 12),
('201107409835', 'Paul Jhon', '', 'Buenvenida', '2', 'Y', 12),
('201107409727', 'Jerome', '', 'Cansado', '2', 'Y', 12),
('201107410185', 'Kamille Klaire', '', 'Carlos', '2', 'Y', 12),
('201107409439', 'Christian Dave', '', 'Cruz', '2', 'Y', 12),
('201107409088', 'Ed Lorence', '', 'De Guzman', '2', 'Y', 12),
('201107408611', 'Aries', '', 'Dejan', '2', 'Y', 12),
('201107410554', 'Brian Edward', '', 'Harris', '2', 'Y', 12),
('201107410130', 'Christian Glenn', '', 'Hatol', '2', 'Y', 12),
('201107408666', 'Melvin', '', 'Ipil', '2', 'Y', 12),
('201107409790', 'Jayvee', '', 'Lacambra', '2', 'Y', 12),
('201107408935', 'James Nick', '', 'Laus', '2', 'Y', 12),
('201107409277', 'Jonathan', '', 'Macaraig', '2', 'Y', 12),
('201107408980', 'Adrian Jhumil', '', 'Magcalas', '2', 'Y', 12),
('201107409916', 'Adorra Paola', '', 'Mañosca', '2', 'Y', 12),
('201107409213', 'Joshua Ruel', '', 'Marfil', '2', 'Y', 12),
('201107408729', 'Francess Rizza', '', 'Namia', '2', 'Y', 12),
('201107409628', 'Sean Francis', '', 'Natividad', '2', 'Y', 12),
('201107409664', 'Daniel Francisco', '', 'Navarette', '2', 'Y', 12),
('201107408738', 'Hernan Franz', '', 'Ofren', '2', 'Y', 12),
('201107409853', 'Xavier', '', 'Palomares', '2', 'Y', 12),
('201107410013', 'John Joseph', '', 'Pedrigal', '2', 'Y', 12),
('201107409358', 'Jhonas', '', 'Primavera', '2', 'Y', 12),
('201107408756', 'Robert Joshua', '', 'Ramos', '2', 'Y', 12),
('201107410680', 'Christian Earl', '', 'Tuvera', '2', 'Y', 12),
('201107408908', 'Lemuel Jason', '', 'Ubungen', '2', 'Y', 12),
('201107410707', 'Mikhail', '', 'Ulanday', '2', 'Y', 12),
('201107409169', 'Ma. Joanna', '', 'Venus', '2', 'Y', 12),
('201107408828', 'Alexa Angela', '', 'Villanueva', '2', 'Y', 12),
('201007408224', 'Benneson', '', 'Abrao', '3', 'Y', 12),
('201007407199', 'Rum Albert', '', 'Borromeo', '3', 'Y', 12),
('201007407630', 'Mervin Jasper', '', 'Claveria', '3', 'Y', 12),
('201007407865', 'Jervinne Lester', '', 'Cruz', '3', 'Y', 12),
('201007407900', 'Katherine Mae', '', 'Cruz', '3', 'Y', 12),
('201007408521', 'Art Christian', '', 'Golimlim', '3', 'Y', 12),
('201007407739', 'Maryo Karlo', '', 'Gonzales', '3', 'Y', 12),
('201007408350', 'Jeric Adrian', '', 'Monzon', '3', 'Y', 12),
('201007408378', 'Maria Michaela', '', 'Noscal', '3', 'Y', 12),
('201007407856', 'Crischelle Mae', '', 'Paramio', '3', 'Y', 12),
('201007407955', 'Jen Louie', '', 'San Jose', '3', 'Y', 12),
('201007407153', 'Charles Vincent', '', 'San Juan', '3', 'Y', 12),
('201007407306', 'Kenneth', '', 'Suarez', '3', 'Y', 12),
('200907406515', 'Jeimee', '', 'Almera', '4', 'Y', 12),
('200907405877', 'Czarah Maria Jeanne', '', 'Angulo', '4', 'Y', 12),
('200907406894', 'Maria Zaira', '', 'Besabe', '4', 'Y', 12),
('200907406308', 'Don', '', 'Chanduangto', '4', 'Y', 12),
('200907405831', 'Jomari James', '', 'De Leon', '4', 'Y', 12),
('200707403547', 'Cristina Marie', '', 'Garcia', 'T', 'Y', 12),
('200907405804', 'Sheeremari Joy', '', 'Go', '4', 'Y', 12),
('200907406344', 'Anthony Eudes', '', 'Magno', '4', 'Y', 12),
('200907406579', 'John Lemuell', '', 'Nagpala', '4', 'Y', 12),
('200907406489', 'Lewis', '', 'Perez', '4', 'Y', 12),
('200907406425', 'Justine', '', 'Perez', '4', 'Y', 12),
('200807405157', 'Kerby', '', 'Punongbayan', 'T', 'Y', 12),
('200907406119', 'Nico Gabriel', '', 'Roque', '4', 'Y', 12),
('200907406128', 'Jan Mason', '', 'Sanchez', '4', 'Y', 12),
('200907405705', 'Xavier John', '', 'Sumaya', '4', 'Y', 12),
('200907406786', 'Denmark', '', 'Talampas', '4', 'Y', 12),
('200907405688', 'Patrick Ian', '', 'Velasco', '4', 'Y', 12),
('200807404635', 'Kristoffer Mark', '', 'Versoza', 'T', 'Y', 12),
('200707403952', 'Johna Jermaine', '', 'Villa', 'T', 'Y', 12),
('200907406137', 'Donneil Frederiche', '', 'Yabut', '4', 'Y', 12),
('200707403916', 'Aldrin Elbert', '', 'Parati', 'T', 'Y', 12),
('200807404851', 'Raymond Joseph', '', 'Tejada', 'T', 'Y', 12);

-- --------------------------------------------------------

--
-- Table structure for table `tally`
--

CREATE TABLE IF NOT EXISTS `tally` (
  `candidate_id` varchar(12) NOT NULL,
  `student_id` varchar(12) NOT NULL
) ENGINE=InnoDB DEFAULT CHARSET=latin1;

-- --------------------------------------------------------

--
-- Table structure for table `voter`
--

CREATE TABLE IF NOT EXISTS `voter` (
  `voter_id` int(11) NOT NULL AUTO_INCREMENT,
  `password` varchar(20) COLLATE latin1_general_ci NOT NULL,
  `student_id` char(12) COLLATE latin1_general_ci NOT NULL,
  PRIMARY KEY (`voter_id`),
  KEY `student_id` (`student_id`)
) ENGINE=MyISAM  DEFAULT CHARSET=latin1 COLLATE=latin1_general_ci AUTO_INCREMENT=507 ;

--
-- Dumping data for table `voter`
--

INSERT INTO `voter` (`voter_id`, `password`, `student_id`) VALUES
(1, '916ITUQ1', '201207411967'),
(2, 'G106710A29', '201207412399'),
(3, '3443VWDA', '201207412038'),
(4, '1F17XLW8', '201207411174'),
(5, 'KORW18NX', '201207411192'),
(6, '84861010V9', '201207411589'),
(7, 'B17K6B54', '201207412506'),
(8, 'TIW39KU5', '201207411200'),
(9, '79ZF6428', '201207411138'),
(10, 'RW6Y1Y54', '201207411697'),
(11, '9VB9T728', '200807404536'),
(12, 'PG8NJUZ10', '1'),
(13, 'VI579VJ7', '2'),
(14, '4W5PKN9R', '3'),
(15, 'DY363LJ1', '4'),
(16, 'Q371089AX', '5'),
(17, 'NZAHE8D1', '6'),
(18, '3EK8M54A', '7'),
(19, 'UZZ6T943', '8'),
(20, '26I510742', '9'),
(21, '35RX2V31', '10'),
(22, '5X10FGPHG', '201107408971'),
(23, '62362ZZ6', '201107409402'),
(24, '14PM27HN', '201107409952'),
(25, '1M91IO11', '201207412218'),
(26, 'LF84JP11', '201107409655'),
(27, '686L56MD', '201207412344'),
(28, '10M15XIC4', '201107410653'),
(29, '1056AA45T', '201007407207'),
(30, 'NDR1T2J8', '200907405958'),
(31, '1L5JMNIB', '201107408872'),
(32, 'E77142UO', '201007408530'),
(33, 'J92JPA3Y', '201007407892'),
(34, '42E1G5QZ', '201007408134'),
(35, 'A9JD2O9H', '11'),
(36, '84323D83', '201107408819'),
(37, '5910KBG7B', '201207412245'),
(38, '9D6B5449', '201207411219'),
(39, 'PQZY10J6T', '201207412498'),
(40, '1K891799', '201207411651'),
(41, '79FA9EO7', '201207410724'),
(42, 'CIMQ9J8N', '201207410733'),
(43, '9O8DT389', '201207411633'),
(44, '10BK1044KJ', '201207411228'),
(45, '8S106710A2', '201207410742'),
(46, 'KEG5W5O10', '201207411237'),
(47, '9NT9410DQ', '201207410751'),
(48, 'P188OYSU', '201207411246'),
(49, 'MN41010HX2', '201207411255'),
(50, '7L22F4F2', '201207412100'),
(51, '4FF22LNP', '201207411264'),
(52, '35554MAG', '201207411606'),
(53, 'JAD1ZI17', '201207411273'),
(54, '6123493F', '201207412588'),
(55, 'E4U6H10VV', '201207411552'),
(56, 'UJ1019SF8', '201207411660'),
(57, '1IWNOF9L', '201207410788'),
(58, 'H9X2RVV7', '201107410176'),
(59, 'LB710YMJ3', '201107410455'),
(60, 'B66GJ1044', '201107409051'),
(61, '71CW5NJ8', '201107409105'),
(62, 'R3WS3X58', '201107409132'),
(63, '6P1ORW18', '201107410527'),
(64, '8Z9B9A26', '201107409998'),
(65, '9Z2421KV', '201107410112'),
(66, '9Q1U41024', '201107408953'),
(67, 'SHK5510SV', '201107409150'),
(68, '101310D8W2', '201107409196'),
(69, '54U6RWO9', '201107409880'),
(70, '4QPZ5EXC', '201107408710'),
(71, '849T9HW8', '201107409015'),
(72, 'I84323D8', '201107410031'),
(73, 'Z72MDBK2', '201107409637'),
(74, '8NLGHBUJ', '201107409033'),
(75, 'FY6HB549', '201107410095'),
(76, '5XXK653O', '201107409844'),
(77, 'JT7TK36F', '201107409457'),
(78, '8796T943', '201107410563'),
(79, 'E16XWS5Y', '201107409547'),
(80, '37P468FG', '201007408503'),
(81, '5G7Z10N2A', '201007407324'),
(82, '107PBUIC8', '201007407973'),
(83, '6XPGS83X', '201007408026'),
(84, 'MDL10PB89', '201007407775'),
(85, '24165J10A', '201007407874'),
(86, '10NJ4VT710', '201007407388'),
(87, '10NRL7OQ3', '201007407333'),
(88, 'J1J4F6C3', '201007407559'),
(89, 'XE4103229', '201007407360'),
(90, '5Y98A44I', '201007408341'),
(91, '618T9687', '201007407883'),
(92, '44O7743U', '201007407252'),
(93, 'F1010WYBW8', '200907405895'),
(94, 'M95T37O6', '200907406209'),
(95, '310L93PRE', '200907406065'),
(96, '2831F7TK', '200907406740'),
(97, '2J83FIEM', '200807405490'),
(98, 'FV1O9I55', '200907406047'),
(99, 'QG458COR', '200907406957'),
(100, 'XKKN8NM3', '200707404429'),
(101, 'X2106H1G5', '200907405787'),
(102, 'QP132210D', '200807405517'),
(103, 'Q5NJ85W9', '200807405535'),
(104, 'B4BYC89P', '200907406227'),
(105, '4P934SVO', '200907405949'),
(106, '7WEBE2Q10', '200907405921'),
(107, '49618T96', '200907406218'),
(108, 'QV9UC338', '200907405750'),
(109, '9O710K1C8', '200907406902'),
(110, 'EIC8110W3', '200907406605'),
(111, '3956101RE', '200907407118'),
(112, 'ACX9JZ24', '200907406029'),
(113, '3B32210DJ', '200707403501'),
(114, '510BH6764', '200607402657'),
(115, 'D6B54495', '200607402909'),
(116, 'W861M3QS', '200507400579'),
(117, 'Q817P56Q', '201207412047'),
(118, 'EH1Z2ENA', '201207410760'),
(119, '7A3QYI23', '201207411831'),
(120, 'CVRS55CB', '201207412533'),
(121, 'BK2IIYEQ', '201207412416'),
(122, '310B4X9G8', '201207410805'),
(123, 'E9VB9T72', '201107409349'),
(124, '5XK9J918', '201207411642'),
(125, 'P1T2J83F', '201207410823'),
(126, '102LH5WKX', '201207412146'),
(127, 'IX34N1E8', '201207411958'),
(128, '2FAF16XW', '201207412227'),
(129, '3VEQ3QR5', '201207412524'),
(130, '336MFQ110', '201207411688'),
(131, '10N398Y24', '201207411624'),
(132, '42M106710A', '201207410841'),
(133, 'G5QZ3359', '201207411426'),
(134, 'F17XLW82', '201207411435'),
(135, '8FIZM4F2', '201207411453'),
(136, 'S9954U6R', '201207411679'),
(137, 'V8E39DB10', '201207411741'),
(138, 'Z2P41LG5', '201207411499'),
(139, '1084SO58C', '201207411859'),
(140, 'F24T84NG', '201207411156'),
(141, 'R10426E1E', '201207411507'),
(142, '2PT667BY', '201207412155'),
(143, 'DHMNIBO7', '201207410869'),
(144, '3YBEGE1F', '201207411516'),
(145, '5TU86246', '201207412308'),
(146, 'Y5B7P153', '201207411732'),
(147, 'JGF276P9', '201207411985'),
(148, 'O11TFOV10', '201207412119'),
(149, 'V58WV575', '201207411525'),
(150, 'QO23443V', '201207410715'),
(151, 'VKFV32Q10', '201207410904'),
(152, 'A7888O58', '201207412597'),
(153, 'U2SBW766', '201207411750'),
(154, 'UJ9Z74HI', '201107410662'),
(155, 'G9V710K1C', '201107410356'),
(156, '1XK32597', '201107409899'),
(157, '101E91IO1', '201107409583'),
(158, '9JV259X9', '201107409394'),
(159, '7104GW766', '201107409538'),
(160, 'GHBUJ9Z7', '201107409420'),
(161, 'T174O6J10', '201107409123'),
(162, '9Z79HNQE', '201107410626'),
(163, '4A43X4410', '201107409970'),
(164, '10V3831X7', '201107409448'),
(165, 'U8CEG5W5', '201107409268'),
(166, 'UZ8G7BG9', '201107410211'),
(167, '3291S58A', '201107409501'),
(168, '710A299Q3', '201107410310'),
(169, '4BGKI106B', '201107408999'),
(170, '6VK1729J', '201107408648'),
(171, '6V8H2CX6', '201107410572'),
(172, 'GTGIX461', '201107409745'),
(173, 'U4S9BTJ2', '201107410220'),
(174, '43G88OX5', '201107409529'),
(175, '21C10929Q', '201107409565'),
(176, '7VW22K3F', '201107410392'),
(177, '2154A10CM', '201107409556'),
(178, 'S832AYV3', '201107409592'),
(179, 'DYFEG5W5', '201007408143'),
(180, 'T19FC110E', '201107409673'),
(181, 'L5D1336M', '201107408693'),
(182, '7Y8384NR', '201107410400'),
(183, '1AHJ103YA', '201107410365'),
(184, '45Z85YE8', '201107408944'),
(185, 'G10MB10EJW', '201107410329'),
(186, 'ACWR51XK', '201107409385'),
(187, '6AT7N97X', '201107410068'),
(188, '106GQ383E', '201107408747'),
(189, 'ELPU5L52', '201107410509'),
(190, '8691WJBU', '201107410699'),
(191, '5NV1015107', '201107409376'),
(192, 'G4W1U1DD', '201107409736'),
(193, 'SK5510SV5', '201107410167'),
(194, 'U79FA9EO', '201107409330'),
(195, '981021029G', '201107408837'),
(196, 'G2CX679N', '201007407784'),
(197, 'ZB45T539', '201007408369'),
(198, 'TTY8P85Y', '201007408125'),
(199, '105DUUD69', '201007407216'),
(200, 'EK326WUW', '201007407937'),
(201, 'QS7P174O', '201007407702'),
(202, '7RHHCL10X', '201007408189'),
(203, '2D7DVZ2E', '201007407270'),
(204, 'CJ9Z74HI', '201007408477'),
(205, 'ZPICKBWZ', '201007407568'),
(206, '6D3HVKY2', '201007408170'),
(207, 'WHB3Y4610', '201007408288'),
(208, '8L2ZI282', '201007407379'),
(209, 'P10RFS492', '201007407261'),
(210, '8A73NF78', '201007407432'),
(211, '3SIW39KU', '201007408107'),
(212, 'YSO58C8L', '201007407397'),
(213, 'PZ8JBPX1', '200907406597'),
(214, '410Q3O86O', '200907407136'),
(215, 'J3BLW9FK', '200907406795'),
(216, 'CN5D1336', '200907407091'),
(217, '7184NG7D', '200807405427'),
(218, '9GS55CB5', '200907406263'),
(219, 'H4746XWA', '200907406236'),
(220, 'O9I612QJ', '200907406678'),
(221, 'HBUJ9Z74', '200907407082'),
(222, '2E9Z2985', '200707404410'),
(223, 'UX98A44I', '200707403204'),
(224, 'TYSU8624', '200707404041'),
(225, 'O10IL1WK9', '201207411390'),
(226, 'W105Z47FN', '201207412605'),
(227, 'K1E3JR5C', '201207410814'),
(228, '7QLZ7M14', '201207412263'),
(229, 'TGN898OO', '201207411444'),
(230, 'OVNZC3HV', '201207412164'),
(231, 'P338W105P', '201207412515'),
(232, '8W9BTJ2I', '201207412623'),
(233, 'Y1187RO6', '201207411408'),
(234, 'HOL73X6N', '201207412092'),
(235, 'S6227QV3', '201207412317'),
(236, 'MADS67106', '201207412380'),
(237, '10NM6U5K2', '201207412434'),
(238, 'RQLE238G', '201207412254'),
(239, 'F9A51071S', '201207411723'),
(240, 'J2IV5BG7', '201207412371'),
(241, '2Z3V9B22', '201207411147'),
(242, 'Q3Z577L3', '201207411462'),
(243, '88CXL65J', '201207410878'),
(244, '1053KJ9Z7', '201007408242'),
(245, 'D92DBJWM', '201207412209'),
(246, 'K6RHXS95', '201207412326'),
(247, 'YVO63CLT', '201207410887'),
(248, '10LFI10UFS', '201207411318'),
(249, 'Y7C4V3OU', '201207410896'),
(250, '3EPA1JDM', '201207412191'),
(251, 'P8N61YIB', '201207412443'),
(252, '65634I8D', '201207411534'),
(253, 'F6T535M10', '201207410779'),
(254, '68HD2SF9', '201107409907'),
(255, 'M85W9393', '201107410004'),
(256, '7TGX1X6O', '201107408881'),
(257, '18YIZ8G7', '201107410257'),
(258, '284V13G4', '201107410464'),
(259, '1M656839', '201107410635'),
(260, '57BJ4VT7', '201107409718'),
(261, '188TB710Y', '201107409961'),
(262, 'B63Y83A5', '201107409934'),
(263, 'UTMDBK2I', '201107410446'),
(264, 'B599973D', '201107410202'),
(265, '9S10TLGHB', '201107410086'),
(266, 'YVVT5A4A', '201107409141'),
(267, '1BG7B771', '201107410293'),
(268, 'VG56MDYI', '201107410158'),
(269, '96KM719N', '201107409303'),
(270, '43106GPV7', '201107409321'),
(271, 'MA45T539', '201107410077'),
(272, 'S6R87RFR', '201107410419'),
(273, '617YC105R', '201107410301'),
(274, '1VZ2E1G5', '201107408845'),
(275, '935HLJ93', '201107409295'),
(276, 'OS58A73N', '201107409187'),
(277, '1N462U49', '201107409114'),
(278, 'M3SU5F6G', '201107408917'),
(279, 'MJP19ML1', '201007407577'),
(280, '661M5G7A', '201007407720'),
(281, 'NAZH7T10U', '201007408233'),
(282, 'M3377T310', '201007407667'),
(283, '7ORXS34V', '201007407621'),
(284, 'Q5H12P23', '201007408080'),
(285, '2P188OYS', '201007408053'),
(286, '101UWE710D', '201007408486'),
(287, '433C1U410', '201007407351'),
(288, 'R1T2J83F', '201007407423'),
(289, 'WX7M36Y8', '201007407405'),
(290, '9155CB51', '201007407603'),
(291, '238G66RH', '201007407612'),
(292, '5IK9J918', '201007407694'),
(293, '5HX983YB', '201007407496'),
(294, '35S5CIMQ', '200907405930'),
(295, '2154A10CM', '200907407109'),
(296, 'KNWQ96Q9', '200807405166'),
(297, 'BSJ2TXOM', '200907405859'),
(298, '6Z72MDBK', '200907406083'),
(299, '47W10547L', '200907406272'),
(300, '65DHB17K', '200907406326'),
(301, '1DR310B4X', '200907406551'),
(302, 'BTG9SNWQ', '200807405472'),
(303, '63L8L36D', '200907405903'),
(304, 'E102732G2', '200907406731'),
(305, 'D37J51042', '200907406146'),
(306, 'C8XI67EB', '201207411615'),
(307, '5I31K725', '201207412614'),
(308, '97SRAAZH', '201207411084'),
(309, 'TZ31NT7C', '201207411363'),
(310, '101DR310B4', '201207411066'),
(311, '218E951010', '201207411075'),
(312, 'GFMX983Y', '201107410671'),
(313, 'IYVG61WE', '201107409466'),
(314, 'BF55PH3S', '201007408431'),
(315, 'V7GVN3G4', '201007407513'),
(316, '9PC7TKV4', '201007407504'),
(317, '8OY65147', '201007407801'),
(318, '28KYHL10P', '201007407928'),
(319, '105NE41032', '200907407028'),
(320, 'O1PGTK95', '200907406335'),
(321, '9618T968', '200907405796'),
(322, 'QNY54Y3Z', '200907405723'),
(323, '81810L10X2', '200907405967'),
(324, 'M17N5524', '201207411110'),
(325, 'L36C101210', '201207410913'),
(326, 'TD4U6H10V', '201207410922'),
(327, '2J1019SF8', '201207410931'),
(328, '10710FM43X', '201207410968'),
(329, 'VQ845777', '201207410986'),
(330, '84UIS4AV', '200707403402'),
(331, '64K7HI33', '201107408926'),
(332, 'QR24Q3H10', '201107410482'),
(333, 'P98A44I6', '201107409475'),
(334, '14FB710YM', '201107410338'),
(335, 'S51XK325', '201107410608'),
(336, '6RC497QK', '201107409484'),
(337, '86399LYY', '201107410284'),
(338, '210BK1044K', '201107409691'),
(339, '4B102RP31', '201107409222'),
(340, '53L31AM4', '201007407180'),
(341, 'NR10HLU8Y', '201007407171'),
(342, '52WTGV25', '201007408161'),
(343, 'IZ3359LW', '200907406038'),
(344, 'DYFEG5W5', '200707403330'),
(345, '8L2SBW76', '201207411039'),
(346, 'IQ1V10BLA', '201207412001'),
(347, '5G5510SV5', '201207412290'),
(348, 'B9Z74HI10', '201207412074'),
(349, '210V102441', '201207411886'),
(350, 'YVG61WEC', '201207412407'),
(351, 'VMDBK2II', '201207411930'),
(352, 'K4VT710A8', '201207411057'),
(353, 'F7SFSVOC', '201207411813'),
(354, '65N10BLA2', '201207411949'),
(355, 'L318L7FG', '201207412236'),
(356, '38F56OO10', '201207411769'),
(357, '3R4BYC89', '201207412137'),
(358, 'IAAM105PQ', '201207411912'),
(359, 'DO8GA910X', '201207410850'),
(360, '810E10IL1W', '201207411868'),
(361, '1NT7CMC5', '201207411787'),
(362, 'O527EDR3', '201207411336'),
(363, '2B6UUUD6', '201207412182'),
(364, 'GT7N97XG', '201207411840'),
(365, '876EVUL6', '201107408576'),
(366, '7RLTU3RX', '201107408585'),
(367, '3VKJP1UA', '201107408602'),
(368, '37I9V710K', '201107410536'),
(369, '610X3H1084', '201107409312'),
(370, '5Z9IT9ER', '201107409754'),
(371, 'HN8103X2S', '201107408675'),
(372, '4108N63K3', '201107409042'),
(373, '1I23B3H4', '201107408684'),
(374, '72757796', '201107409006'),
(375, 'R10A97PM3', '201107408701'),
(376, '6J937H109', '201107408558'),
(377, 'QY62F6IT', '201107409781'),
(378, 'AZPB10H101', '201107410644'),
(379, '110U43210H', '201107409510'),
(380, 'IL5JMNIB', '201107408774'),
(381, 'B102RP31L', '201107408800'),
(382, '4BHX34N1', '201107410149'),
(383, 'H6J101R10D', '201107409817'),
(384, 'C6S61BA8', '201007408459'),
(385, 'E5PD2SF9', '201007407991'),
(386, 'M10CYZX6S', '201007408404'),
(387, 'F2OK3823', '201007407919'),
(388, 'NP9I612Q', '200807404978'),
(389, '6C5B6481', '200707404203'),
(390, '7YC105RQM', '200807405454'),
(391, '1055I3101F', '200907406461'),
(392, 'DL47754G', '200907406407'),
(393, 'I9KZCZRB', '200807405607'),
(394, '77B4310OE', '201207412452'),
(395, '6329BTJ2', '201207412425'),
(396, 'Y4FB710YM', '201207411011'),
(397, 'XA56OO1010', '201207411002'),
(398, 'D1JDMVIO', '201207412173'),
(399, 'XT67352M', '201207411354'),
(400, 'M3412K9L', '201207411976'),
(401, 'QYV355PR', '201207412272'),
(402, '610SV1322', '201207412353'),
(403, 'KUWOZC3H', '201207411921'),
(404, 'GHOK2P84', '201207411020'),
(405, '1814TE28', '201107409097'),
(406, '6G22LNP1', '201107410518'),
(407, 'W29PQ109V', '201107409079'),
(408, 'REAF16XW', '201107408890'),
(409, '4258X2S9', '201107408863'),
(410, '8Y7LN898', '201107408962'),
(411, 'CG23OUAD', '201107409574'),
(412, 'YPT9Z298', '201007407225'),
(413, '444M48L6', '201007407586'),
(414, 'SC6FZJZW', '201007407162'),
(415, 'I95T37O6', '201007407478'),
(416, '6QQ6109S10', '201007407748'),
(417, '6SL7OQ38', '201207411327'),
(418, 'O4U6T1KV', '201207411994'),
(419, 'XL653O7J', '201207411705'),
(420, 'K7IC9SD6', '201207411561'),
(421, '99V789QD', '201207411309'),
(422, '8I8XD4U6', '201207412056'),
(423, '2M106710A2', '201207412470'),
(424, 'XG3H10843', '201207411903'),
(425, 'V2G9P1A10', '201207411714'),
(426, 'Y1094H68M', '201207412083'),
(427, '88OX59HA', '200907406191'),
(428, 'U861M3QS', '201207412551'),
(429, '5266IT6H', '201207412461'),
(430, 'TXS34VY5', '201207411372'),
(431, '10DYCYFEG', '201207410940'),
(432, '89PQC224', '201207412335'),
(433, 'HAKDFS22', '201207411101'),
(434, 'A27T4357', '201207410977'),
(435, 'UV355PRH', '201207411093'),
(436, 'E59M1S7H', '201207412560'),
(437, '9WG88OX5', '201207411822'),
(438, '5QJP19ML', '201207412281'),
(439, '8586B81H', '200807405283'),
(440, '6D910D1S8', '201207412029'),
(441, 'G5510SV54', '201107408549'),
(442, '5ER2Y1KF', '201107408567'),
(443, '43HA8O39', '201107408594'),
(444, 'X641104IP', '201107409835'),
(445, 'NVV56MDY', '201107409727'),
(446, '4710QZ11H', '201107410185'),
(447, '10V4545M7', '201107409439'),
(448, 'IPA3Y1014', '201107409088'),
(449, 'NS10FGPHG', '201107408611'),
(450, '2L5HH81L', '201107410554'),
(451, '2311FV1O', '201107410130'),
(452, '2NU3CPV7', '201107408666'),
(453, '6X8161YC', '201107409790'),
(454, '59ATW86R', '201107408935'),
(455, 'GB10EJW76', '201107409277'),
(456, '8N8PUWOZ', '201107408980'),
(457, '75W4J9P1', '201107409916'),
(458, 'OK9J918K', '201107409213'),
(459, '10NS10FGPH', '201107408729'),
(460, 'DR310B4X9', '201107409628'),
(461, '78CVQU109', '201107409664'),
(462, 'YNRD2C55', '201107408738'),
(463, '1B5ATL4Z', '201107409853'),
(464, 'MHW2DX9J', '201107410013'),
(465, '10K59PQL1', '201107409358'),
(466, 'A3GQEBJU', '201107408756'),
(467, 'JU3NJP19', '201107410680'),
(468, 'B8O396CS', '201107408908'),
(469, '49G39NL2', '201107410707'),
(470, '51719N2O', '201107409169'),
(471, 'FB7911I4', '201107408828'),
(472, '1SD764106', '201007408224'),
(473, 'U4TUW71D', '201007407199'),
(474, '6KM95T37', '201007407630'),
(475, '12GX6K44', '201007407865'),
(476, 'K5U24COV', '201007407900'),
(477, 'O19J918K', '201007408521'),
(478, '57D5M95K', '201007407739'),
(479, 'S8752956', '201007408350'),
(480, 'MMY82FVT', '201007408378'),
(481, 'UT5A4AXU', '201007407856'),
(482, 'A5WKXT83', '201007407955'),
(483, 'NU9M6T99', '201007407153'),
(484, 'O9L48418', '201007407306'),
(485, '25310CD9B', '200907406515'),
(486, 'C10XQXW10M', '200907405877'),
(487, '7NF55PH3', '200907406894'),
(488, 'KEKNP9I6', '200907406308'),
(489, 'PEAF16XW', '200907405831'),
(490, '48V93FHH', '200707403547'),
(491, 'O4D7UQZY', '200907405804'),
(492, 'MFXV110YM', '200907406344'),
(493, '61103515G', '200907406579'),
(494, '9B1DD56P', '200907406489'),
(495, '8P338W105', '200907406425'),
(496, '1PV7PM3V', '200807405157'),
(497, '1KBWZM2T', '200907406119'),
(498, '4ALM5NV10', '200907406128'),
(499, 'E9Z2985U', '200907405705'),
(500, 'X473JY56', '200907406786'),
(501, '5QWW617C', '200907405688'),
(502, '4Y48JZ4M', '200807404635'),
(503, '6910210D97', '200707403952'),
(504, 'RU8NSD76', '200907406137'),
(505, 'H987U6J4', '200707403916'),
(506, '7IB108624', '200807404851');

/*!40101 SET CHARACTER_SET_CLIENT=@OLD_CHARACTER_SET_CLIENT */;
/*!40101 SET CHARACTER_SET_RESULTS=@OLD_CHARACTER_SET_RESULTS */;
/*!40101 SET COLLATION_CONNECTION=@OLD_COLLATION_CONNECTION */;
